{
  "block.wood.place": {
    "replace": true,
    "sounds": []
  },
  "block.wood.break": {
    "replace": true,
    "sounds": []
  },
  "block.wood.hit": {
    "replace": true,
    "sounds": []
  },
  "block.wood.step": {
    "replace": true,
    "sounds": []
  },
  "required.wood.hit": {
    "category": "block",
    "subtitle": "subtitles.block.generic.hit",
    "sounds": [
      "step/wood1",
      "step/wood2",
      "step/wood3",
      "step/wood4",
      "step/wood5",
      "step/wood6"
    ]
  },
  "required.wood.place": {
    "category": "block",
    "subtitle": "subtitles.block.generic.place",
    "sounds": [
      "dig/wood1",
      "dig/wood2",
      "dig/wood3",
      "dig/wood4"
    ]
  },
  "required.wood.break": {
    "category": "block",
    "subtitle": "subtitles.block.generic.break",
    "sounds": [
      "dig/wood1",
      "dig/wood2",
      "dig/wood3",
      "dig/wood4"
    ]
  }
}