{
	"providers": [
		{"file":"misc/black.png","chars":[""],"height":-19,"ascent":-5000,"type":"bitmap"},
		{"file":"misc/black.png","chars":[""],"height":17,"ascent":-5000,"type":"bitmap"},
		{"file":"misc/black.png","chars":[""],"height":-20,"ascent":-5000,"type":"bitmap"},
		
		{"file":"misc/white_square.png","chars":[""],"height":16,"ascent":-5,"type":"bitmap"},
		{"file":"misc/white_square.png","chars":[""],"height":16,"ascent":-23,"type":"bitmap"},
		{"file":"misc/white_square.png","chars":[""],"height":16,"ascent":-41,"type":"bitmap"},
		{"file":"misc/white_square.png","chars":[""],"height":16,"ascent":-59,"type":"bitmap"},
		{"file":"misc/white_square.png","chars":[""],"height":16,"ascent":-77,"type":"bitmap"},
		{"file":"misc/white_square.png","chars":[""],"height":16,"ascent":-95,"type":"bitmap"}
	]
}