{
	"credit": "Made with Blockbench",
	"texture_size": [64, 64],
	"textures": {
		"2": "items:item/ice/pickaxe",
		"particle": "items:item/ice/pickaxe"
	},
	"elements": [
		{
			"from": [7, -11, 7],
			"to": [9, 14, 9],
			"rotation": {"angle": 0, "axis": "y", "origin": [-1, -4, 4]},
			"faces": {
				"north": {"uv": [2.758, 0.008, 3.242, 6.242], "texture": "#2"},
				"east": {"uv": [0.008, 3.008, 0.492, 9.242], "texture": "#2"},
				"south": {"uv": [0.508, 3.008, 0.992, 9.242], "texture": "#2"},
				"west": {"uv": [1.008, 3.008, 1.492, 9.242], "texture": "#2"},
				"up": {"uv": [1.992, 8.492, 1.508, 8.008], "texture": "#2"},
				"down": {"uv": [2.492, 8.008, 2.008, 8.492], "texture": "#2"}
			}
		},
		{
			"from": [5.99, -15.01, 6.99],
			"to": [10.01, -10.99, 9.01],
			"rotation": {"angle": -45, "axis": "z", "origin": [8, -13, 4]},
			"faces": {
				"north": {"uv": [1.508, 5.258, 2.492, 6.242], "texture": "#2"},
				"east": {"uv": [2.258, 3.008, 2.742, 3.992], "texture": "#2"},
				"south": {"uv": [4.008, 6.008, 4.992, 6.992], "texture": "#2"},
				"west": {"uv": [2.258, 4.008, 2.742, 4.992], "texture": "#2"},
				"up": {"uv": [7.992, 4.242, 7.008, 3.758], "texture": "#2"},
				"down": {"uv": [2.492, 7.508, 1.508, 7.992], "texture": "#2"}
			}
		},
		{
			"from": [6.5, -11, 6.5],
			"to": [9.5, -10, 9.5],
			"rotation": {"angle": 0, "axis": "y", "origin": [-1, -4, 4]},
			"faces": {
				"north": {"uv": [5.008, 7.508, 5.742, 7.742], "texture": "#2"},
				"east": {"uv": [4.258, 8.008, 4.992, 8.242], "texture": "#2"},
				"south": {"uv": [8.008, 4.758, 8.742, 4.992], "texture": "#2"},
				"west": {"uv": [5.008, 8.008, 5.742, 8.242], "texture": "#2"},
				"up": {"uv": [3.742, 7.242, 3.008, 6.508], "texture": "#2"},
				"down": {"uv": [5.742, 6.758, 5.008, 7.492], "texture": "#2"}
			}
		},
		{
			"from": [6.5, -9, 6.5],
			"to": [9.5, -8, 9.5],
			"rotation": {"angle": 0, "axis": "y", "origin": [-1, -4, 4]},
			"faces": {
				"north": {"uv": [8.008, 5.008, 8.742, 5.242], "texture": "#2"},
				"east": {"uv": [8.008, 5.258, 8.742, 5.492], "texture": "#2"},
				"south": {"uv": [8.008, 5.508, 8.742, 5.742], "texture": "#2"},
				"west": {"uv": [5.758, 8.008, 6.492, 8.242], "texture": "#2"},
				"up": {"uv": [7.742, 3.742, 7.008, 3.008], "texture": "#2"},
				"down": {"uv": [4.492, 7.008, 3.758, 7.742], "texture": "#2"}
			}
		},
		{
			"from": [6.5, -3, 6.5],
			"to": [9.5, 6, 9.5],
			"rotation": {"angle": 0, "axis": "y", "origin": [-1, -4, 4]},
			"faces": {
				"north": {"uv": [1.508, 3.008, 2.242, 5.242], "texture": "#2"},
				"east": {"uv": [3.258, 2.008, 3.992, 4.242], "texture": "#2"},
				"south": {"uv": [4.008, 2.008, 4.742, 4.242], "texture": "#2"},
				"west": {"uv": [3.258, 4.258, 3.992, 6.492], "texture": "#2"},
				"up": {"uv": [6.492, 7.742, 5.758, 7.008], "texture": "#2"},
				"down": {"uv": [7.242, 7.008, 6.508, 7.742], "texture": "#2"}
			}
		},
		{
			"from": [3.5, 12, 6.5],
			"to": [12.5, 15, 9.5],
			"rotation": {"angle": 0, "axis": "y", "origin": [8, 22.5, 8]},
			"faces": {
				"north": {"uv": [4.008, 4.258, 6.242, 4.992], "texture": "#2"},
				"east": {"uv": [3.008, 7.258, 3.742, 7.992], "texture": "#2"},
				"south": {"uv": [4.758, 2.008, 6.992, 2.742], "texture": "#2"},
				"west": {"uv": [7.258, 7.008, 7.992, 7.742], "texture": "#2"},
				"up": {"uv": [6.992, 3.492, 4.758, 2.758], "texture": "#2"},
				"down": {"uv": [6.992, 3.508, 4.758, 4.242], "texture": "#2"}
			}
		},
		{
			"from": [-4, 16, 7.5],
			"to": [-2, 17, 8.5],
			"rotation": {"angle": -22.5, "axis": "z", "origin": [-1, 16.5, 8]},
			"faces": {
				"north": {"uv": [5.758, 6.758, 6.242, 6.992], "texture": "#2"},
				"east": {"uv": [2.258, 5.008, 2.492, 5.242], "texture": "#2"},
				"south": {"uv": [8.008, 5.758, 8.492, 5.992], "texture": "#2"},
				"west": {"uv": [3.008, 6.258, 3.242, 6.492], "texture": "#2"},
				"up": {"uv": [7.242, 8.242, 6.758, 8.008], "texture": "#2"},
				"down": {"uv": [8.492, 7.008, 8.008, 7.242], "texture": "#2"}
			}
		},
		{
			"from": [-2, 16, 7],
			"to": [4, 17, 9],
			"rotation": {"angle": -22.5, "axis": "z", "origin": [-1, 16.5, 8]},
			"faces": {
				"north": {"uv": [6.508, 5.758, 7.992, 5.992], "texture": "#2"},
				"east": {"uv": [7.258, 8.008, 7.742, 8.242], "texture": "#2"},
				"south": {"uv": [7.758, 3.008, 9.242, 3.242], "texture": "#2"},
				"west": {"uv": [8.008, 7.258, 8.492, 7.492], "texture": "#2"},
				"up": {"uv": [7.742, 4.742, 6.258, 4.258], "texture": "#2"},
				"down": {"uv": [7.742, 6.008, 6.258, 6.492], "texture": "#2"}
			}
		},
		{
			"from": [-2, 10, 7],
			"to": [4, 11, 9],
			"rotation": {"angle": 22.5, "axis": "z", "origin": [-1, 10.5, 8]},
			"faces": {
				"north": {"uv": [7.758, 3.258, 9.242, 3.492], "texture": "#2"},
				"east": {"uv": [8.008, 7.508, 8.492, 7.742], "texture": "#2"},
				"south": {"uv": [7.758, 3.508, 9.242, 3.742], "texture": "#2"},
				"west": {"uv": [7.758, 8.008, 8.242, 8.242], "texture": "#2"},
				"up": {"uv": [7.992, 5.242, 6.508, 4.758], "texture": "#2"},
				"down": {"uv": [7.992, 5.258, 6.508, 5.742], "texture": "#2"}
			}
		},
		{
			"from": [-4, 10, 7.5],
			"to": [-2, 11, 8.5],
			"rotation": {"angle": 22.5, "axis": "z", "origin": [-1, 10.5, 8]},
			"faces": {
				"north": {"uv": [8.258, 0.008, 8.742, 0.242], "texture": "#2"},
				"east": {"uv": [6.258, 4.758, 6.492, 4.992], "texture": "#2"},
				"south": {"uv": [8.258, 0.258, 8.742, 0.492], "texture": "#2"},
				"west": {"uv": [4.258, 7.758, 4.492, 7.992], "texture": "#2"},
				"up": {"uv": [8.742, 0.742, 8.258, 0.508], "texture": "#2"},
				"down": {"uv": [8.742, 0.758, 8.258, 0.992], "texture": "#2"}
			}
		},
		{
			"from": [-2, 12.5, 4.5],
			"to": [4, 14.5, 5.5],
			"rotation": {"angle": -22.5, "axis": "y", "origin": [-1, 13.5, 5]},
			"faces": {
				"north": {"uv": [6.258, 6.508, 7.742, 6.992], "texture": "#2"},
				"east": {"uv": [2.508, 5.758, 2.742, 6.242], "texture": "#2"},
				"south": {"uv": [1.508, 7.008, 2.992, 7.492], "texture": "#2"},
				"west": {"uv": [3.758, 6.508, 3.992, 6.992], "texture": "#2"},
				"up": {"uv": [9.242, 4.492, 7.758, 4.258], "texture": "#2"},
				"down": {"uv": [9.242, 4.508, 7.758, 4.742], "texture": "#2"}
			}
		},
		{
			"from": [-4, 13, 4.5],
			"to": [-2, 14, 5.5],
			"rotation": {"angle": -22.5, "axis": "y", "origin": [-1, 13.5, 5]},
			"faces": {
				"north": {"uv": [8.258, 1.008, 8.742, 1.242], "texture": "#2"},
				"east": {"uv": [6.258, 8.258, 6.492, 8.492], "texture": "#2"},
				"south": {"uv": [8.258, 1.258, 8.742, 1.492], "texture": "#2"},
				"west": {"uv": [8.258, 8.258, 8.492, 8.492], "texture": "#2"},
				"up": {"uv": [8.742, 1.742, 8.258, 1.508], "texture": "#2"},
				"down": {"uv": [8.742, 1.758, 8.258, 1.992], "texture": "#2"}
			}
		},
		{
			"from": [-2, 12.5, 10.5],
			"to": [4, 14.5, 11.5],
			"rotation": {"angle": 22.5, "axis": "y", "origin": [-1, 13.5, 11]},
			"faces": {
				"north": {"uv": [7.008, 2.008, 8.492, 2.492], "texture": "#2"},
				"east": {"uv": [4.258, 8.258, 4.492, 8.742], "texture": "#2"},
				"south": {"uv": [7.008, 2.508, 8.492, 2.992], "texture": "#2"},
				"west": {"uv": [4.508, 8.258, 4.742, 8.742], "texture": "#2"},
				"up": {"uv": [6.492, 7.992, 5.008, 7.758], "texture": "#2"},
				"down": {"uv": [9.242, 6.008, 7.758, 6.242], "texture": "#2"}
			}
		},
		{
			"from": [-4, 13, 10.5],
			"to": [-2, 14, 11.5],
			"rotation": {"angle": 22.5, "axis": "y", "origin": [-1, 13.5, 11]},
			"faces": {
				"north": {"uv": [4.758, 8.258, 5.242, 8.492], "texture": "#2"},
				"east": {"uv": [1.508, 8.508, 1.742, 8.742], "texture": "#2"},
				"south": {"uv": [5.258, 8.258, 5.742, 8.492], "texture": "#2"},
				"west": {"uv": [1.758, 8.508, 1.992, 8.742], "texture": "#2"},
				"up": {"uv": [6.242, 8.492, 5.758, 8.258], "texture": "#2"},
				"down": {"uv": [8.742, 6.258, 8.258, 6.492], "texture": "#2"}
			}
		},
		{
			"from": [-8.01, 12.79, 7.49],
			"to": [-5.99, 13.81, 8.51],
			"rotation": {"angle": 0, "axis": "y", "origin": [-5, 13.3, 8]},
			"faces": {
				"north": {"uv": [8.258, 6.508, 8.742, 6.742], "texture": "#2"},
				"east": {"uv": [2.008, 8.508, 2.242, 8.742], "texture": "#2"},
				"south": {"uv": [6.758, 8.258, 7.242, 8.492], "texture": "#2"},
				"west": {"uv": [8.508, 2.008, 8.742, 2.242], "texture": "#2"},
				"up": {"uv": [8.742, 6.992, 8.258, 6.758], "texture": "#2"},
				"down": {"uv": [7.742, 8.258, 7.258, 8.492], "texture": "#2"}
			}
		},
		{
			"from": [-6.01, 12.29, 6.99],
			"to": [4.01, 14.31, 9.01],
			"rotation": {"angle": 0, "axis": "y", "origin": [-5, 13.8, 8]},
			"faces": {
				"north": {"uv": [4.008, 5.008, 6.492, 5.492], "texture": "#2"},
				"east": {"uv": [3.008, 8.008, 3.492, 8.492], "texture": "#2"},
				"south": {"uv": [4.008, 5.508, 6.492, 5.992], "texture": "#2"},
				"west": {"uv": [8.008, 3.758, 8.492, 4.242], "texture": "#2"},
				"up": {"uv": [8.242, 0.492, 5.758, 0.008], "texture": "#2"},
				"down": {"uv": [8.242, 0.508, 5.758, 0.992], "texture": "#2"}
			}
		},
		{
			"from": [11.69, 9.19, 6.99],
			"to": [21.71, 13.21, 9.01],
			"rotation": {"angle": -22.5, "axis": "z", "origin": [16.7, 12.2, 8]},
			"faces": {
				"north": {"uv": [3.258, 0.008, 5.742, 0.992], "texture": "#2"},
				"east": {"uv": [4.508, 7.008, 4.992, 7.992], "texture": "#2"},
				"south": {"uv": [5.742, 0.008, 3.258, 0.992], "texture": "#2"},
				"west": {"uv": [2.508, 7.508, 2.992, 8.492], "texture": "#2"},
				"up": {"uv": [8.242, 1.492, 5.758, 1.008], "texture": "#2"},
				"down": {"uv": [8.242, 1.508, 5.758, 1.992], "texture": "#2"}
			}
		},
		{
			"from": [19.49, 8.09, 7.49],
			"to": [24.51, 11.11, 8.51],
			"rotation": {"angle": -45, "axis": "z", "origin": [20.5, 10.1, 7.5]},
			"faces": {
				"north": {"uv": [5.008, 6.008, 6.242, 6.742], "texture": "#2"},
				"east": {"uv": [2.508, 5.008, 2.742, 5.742], "texture": "#2"},
				"south": {"uv": [6.242, 6.008, 5.008, 6.742], "texture": "#2"},
				"west": {"uv": [2.758, 6.258, 2.992, 6.992], "texture": "#2"},
				"up": {"uv": [7.742, 7.992, 6.508, 7.758], "texture": "#2"},
				"down": {"uv": [8.992, 7.758, 7.758, 7.992], "texture": "#2"}
			}
		},
		{
			"from": [9.8, 3, 8.1],
			"to": [20.8, 9, 8.1],
			"rotation": {"angle": -22.5, "axis": "z", "origin": [16.8, 9, 8.1]},
			"faces": {
				"north": {"uv": [0.008, 1.492, 2.742, 0.008], "texture": "#2"},
				"east": {"uv": [0.008, 1.492, 0.008, 0.008], "texture": "#2"},
				"south": {"uv": [2.742, 1.492, 0.008, 0.008], "texture": "#2"},
				"west": {"uv": [0.008, 1.492, 0.008, 0.008], "texture": "#2"},
				"up": {"uv": [2.742, 0.008, 0.008, 0.008], "texture": "#2"},
				"down": {"uv": [2.742, 0.008, 0.008, 0.008], "texture": "#2"}
			}
		},
		{
			"from": [9.8, 3, 8.1],
			"to": [20.8, 9, 8.1],
			"rotation": {"angle": -22.5, "axis": "z", "origin": [16.8, 9, 8.1]},
			"faces": {
				"north": {"uv": [0.008, 1.492, 2.742, 0.008], "texture": "#2"},
				"east": {"uv": [0.008, 1.492, 0.008, 0.008], "texture": "#2"},
				"south": {"uv": [0.008, 2.992, 2.742, 1.508], "texture": "#2"},
				"west": {"uv": [0.008, 1.492, 0.008, 0.008], "texture": "#2"},
				"up": {"uv": [2.742, 0.008, 0.008, 0.008], "texture": "#2"},
				"down": {"uv": [2.742, 0.008, 0.008, 0.008], "texture": "#2"}
			}
		},
		{
			"from": [1.43237, 14.96116, 8.1],
			"to": [12.43237, 20.96116, 8.1],
			"rotation": {"angle": 0, "axis": "y", "origin": [12.93237, 19.26116, 8.1]},
			"faces": {
				"north": {"uv": [0.008, 11.242, 2.742, 9.758], "texture": "#2"},
				"east": {"uv": [0.008, 1.492, 0.008, 0.008], "texture": "#2"},
				"south": {"uv": [2.742, 11.242, 0.008, 9.758], "texture": "#2"},
				"west": {"uv": [0.008, 1.492, 0.008, 0.008], "texture": "#2"},
				"up": {"uv": [2.742, 0.008, 0.008, 0.008], "texture": "#2"},
				"down": {"uv": [2.742, 0.008, 0.008, 0.008], "texture": "#2"}
			}
		},
		{
			"from": [1.43237, 6.03884, 7.9],
			"to": [12.43237, 12.03884, 7.9],
			"rotation": {"angle": 0, "axis": "y", "origin": [12.93237, -3.26116, 7.9]},
			"faces": {
				"north": {"uv": [2.742, 11.258, 0.008, 12.742], "texture": "#2"},
				"east": {"uv": [0.008, 0.008, 0.008, 1.492], "texture": "#2"},
				"south": {"uv": [0.008, 11.258, 2.742, 12.742], "texture": "#2"},
				"west": {"uv": [0.008, 0.008, 0.008, 1.492], "texture": "#2"},
				"up": {"uv": [2.742, 0.008, 0.008, 0.008], "texture": "#2"},
				"down": {"uv": [2.742, 0.008, 0.008, 0.008], "texture": "#2"}
			}
		},
		{
			"from": [1.43237, 13.73884, 9.6],
			"to": [12.43237, 13.73884, 15.6],
			"rotation": {"angle": 0, "axis": "y", "origin": [12.93237, -3.26116, 7.9]},
			"faces": {
				"north": {"uv": [2.742, 0.008, 0.008, 0.008], "rotation": 180, "texture": "#2"},
				"east": {"uv": [0.008, 0.008, 0.008, 1.492], "rotation": 90, "texture": "#2"},
				"south": {"uv": [2.742, 0.008, 0.008, 0.008], "texture": "#2"},
				"west": {"uv": [0.008, 0.008, 0.008, 1.492], "rotation": 270, "texture": "#2"},
				"up": {"uv": [0.008, 11.258, 2.742, 12.742], "texture": "#2"},
				"down": {"uv": [2.742, 11.258, 0.008, 12.742], "rotation": 180, "texture": "#2"}
			}
		},
		{
			"from": [1.43237, 13.73884, 0.4],
			"to": [12.43237, 13.73884, 6.4],
			"rotation": {"angle": 0, "axis": "y", "origin": [12.93237, -3.26116, 8.1]},
			"faces": {
				"north": {"uv": [0.008, 0.008, 2.742, 0.008], "texture": "#2"},
				"east": {"uv": [0.008, 1.492, 0.008, 0.008], "rotation": 90, "texture": "#2"},
				"south": {"uv": [0.008, 0.008, 2.742, 0.008], "rotation": 180, "texture": "#2"},
				"west": {"uv": [0.008, 1.492, 0.008, 0.008], "rotation": 270, "texture": "#2"},
				"up": {"uv": [0.008, 12.742, 2.742, 11.258], "texture": "#2"},
				"down": {"uv": [2.742, 12.742, 0.008, 11.258], "rotation": 180, "texture": "#2"}
			}
		}
	],
	"gui_light": "front",
	"display": {
		"thirdperson_righthand": {
			"rotation": [0, 90, 0],
			"translation": [0, 6, 1.5],
			"scale": [0.65, 0.65, 0.65]
		},
		"thirdperson_lefthand": {
			"rotation": [0, -90, 0],
			"translation": [0, 7.25, 1.5],
			"scale": [0.65, 0.65, 0.65]
		},
		"firstperson_righthand": {
			"rotation": [15, 90, 0],
			"translation": [0, 5.5, 0],
			"scale": [0.65, 0.65, 0.65]
		},
		"firstperson_lefthand": {
			"rotation": [15, -90, 0],
			"translation": [0, 5.5, 0],
			"scale": [0.65, 0.65, 0.65]
		},
		"ground": {
			"rotation": [0, 0, 45],
			"translation": [-2, 8, 0],
			"scale": [0.5, 0.5, 0.5]
		},
		"gui": {
			"rotation": [20, -20, -45],
			"translation": [1.5, 0, 0],
			"scale": [0.5, 0.5, 0.5]
		},
		"head": {
			"rotation": [0, 0, -125],
			"translation": [1.5, 14, 0]
		},
		"fixed": {
			"rotation": [0, 0, 45],
			"translation": [4, -4, -1],
			"scale": [0.8, 0.8, 0.8]
		}
	}
}